producto,cantidad,precio,desc_efectivo,descuento_efectivo_pct
BRAHMA,12.0,37500.0,37000.0,1.3
QUILMES,12.0,37500.0,37000.0,1.3
PALERMO,12.0,28500.0,28000.0,1.8
IGUANA,12.0,28500.0,28000.0,1.8
STELLA,12.0,55000.0,54000.0,1.8
HEINEKEN,12.0,55000.0,54000.0,1.8
BUDWEISER,12.0,39780.0,39000.0,2.0
MILLER,12.0,40800.0,40000.0,2.0
IMPERIAL GOLDEN,12.0,39800.0,39000.0,2.0
CORONA 710,12.0,57500.0,56000.0,2.6
LATA QUILMES,24.0,,,2.0
LATA BRAHMA,24.0,43800.0,43000.0,1.8
LATA MILLER,24.0,44880.0,44000.0,2.0
LATA SCHNEIDER,24.0,36720.0,36000.0,2.0
LATA ISEMBECK,24.0,30600.0,30000.0,2.0
LATA HEINEKEN,24.0,59200.0,58000.0,2.0
LATA BUDWEISER,24.0,45900.0,45000.0,2.0
LATON BRAHMA 710,16.0,42800.0,42000.0,1.9
LATÓN SCHNEIDER 710,24.0,59500.0,58000.0,2.5
LATÓN HEINEKEN 710,24.0,91800.0,90000.0,2.0
LATÓN MILLER 710,24.0,79500.0,78000.0,1.9
LATÓN QUILMES,16.0,,,2.0
LATÓN BUDW 710,16.0,42800.0,42000.0,1.9
COCA- FAN- SPRITE 2/4,8.0,33600.0,33000.0,1.8
COCA 2LT RETORNABLE,9.0,26000.0,25500.0,1.9
COCA 1lt VIDRIO,12.0,29200.0,28800.0,1.4
"COCA 2,5",6.0,26000.0,25500.0,1.9
"COCA 1,75",8.0,26500.0,26000.0,1.9
COCA zero 2/4,8.0,33800.0,33000.0,2.4
MANAOS,6.0,8200.0,8000.0,2.4
7UP/ PEPSI 2lts,8.0,23450.0,23000.0,1.9
7UP 3lts,6.0,20400.0,20000.0,2.0
AQUARIUS 2/4,6.0,13800.0,13500.0,2.2
PLACER 500c,12.0,5800.0,5600.0,3.4
"PLACER 1,5",6.0,5500.0,5400.0,1.8
BAGGIO 1lt,8.0,14790.0,14500.0,2.0
BAGGIO 200,18.0,9000.0,8800.0,2.2
CEPITA 1lt,6.0,11200.0,10800.0,3.6
SODA MANAOS,6.0,7650.0,7500.0,2.0
SODA TORASSO,6.0,7140.0,7000.0,2.0
SODA AQUA,6.0,,,2.0
AGUA CIMES 500,6.0,2150.0,2100.0,2.3
AGUA CIMES,6.0,3500.0,3400.0,2.9
AGUA MANAOS gde,6.0,3900.0,3800.0,2.6
AGUA MANAOS CHICA,12.0,4500.0,4400.0,2.2
CUNIGTON,6.0,10000.0,9800.0,2.0
HC NARANJA,6.0,14280.0,14000.0,2.0
COCA 500,6.0,9000.0,8800.0,2.2
COCA LATA,6.0,7550.0,7400.0,2.0
TERMIDOR TINTO,12.0,18360.0,18360.0,0.0
TERMIDOR BLANCO,12.0,18360.0,18000.0,2.0
VIÑAS RIOJANAS,12.0,17340.0,17000.0,2.0
UVITA (TODOS),12.0,16850.0,16500.0,2.1
PICO ORO,12.0,14280.0,14000.0,2.0
FILOMENA,6.0,16850.0,16500.0,2.1
MICHEL TORINO,6.0,10750.0,10500.0,2.3
TAREA FINA,6.0,12750.0,12500.0,2.0
ENCEPADO,6.0,16320.0,16000.0,2.0
DON VALENTIN,6.0,17340.0,17000.0,2.0
CABARCENO,6.0,16850.0,16500.0,2.1
ALMA MORA,6.0,26500.0,26000.0,1.9
DADA,6.0,26500.0,26000.0,1.9
VIÑAS DE ALVEAR,6.0,14890.0,14600.0,1.9
VIÑA de BALBO,6.0,14280.0,14000.0,2.0
SANTA JULIA BCO,6.0,47000.0,48000.0,-2.1
VERSUS BCO DULCE,6.0,17500.0,17000.0,2.9
FEDERICO,6.0,25500.0,25000.0,2.0
FRIZZE litro,6.0,14280.0,14000.0,2.0
CHANDON,6.0,91800.0,90000.0,2.0
TORO BCO,6.0,10500.0,9800.0,6.7
DR LEMON,12.0,35700.0,35000.0,2.0
LATA DR LEMON,24.0,48960.0,48000.0,2.0
BRANCA 450,1.0,11500.0,11200.0,2.6
BRANCA 750,1.0,16800.0,16500.0,1.8
BRANCA LITRO,1.0,22950.0,22500.0,2.0
SPEED GDE,12.0,25500.0,25000.0,2.0
SPEED CHICO,24.0,29580.0,29000.0,2.0
MONSTER,6.0,14500.0,14200.0,2.1
SMIRNOFF SABORIZADO,1.0,8400.0,8200.0,2.4
SMIRNOFF COMÚN,1.0,8000.0,7800.0,2.5
SKY SABORIZADO,1.0,9500.0,9200.0,3.2
SKY COMÚN,1.0,8200.0,8000.0,2.4
SKY COSMIC,1.0,9800.0,9500.0,3.1
SIDRA 1888,6.0,61200.0,60000.0,2.0
SIDRA DEL VALLE,6.0,16320.0,16000.0,2.0
PULPA LATA,1.0,4590.0,4500.0,2.0
JAGGER,1.0,,,2.0
ABSOLUT,1.0,25500.0,25000.0,2.0
PETACA w,24.0,38760.0,38000.0,2.0
PETACA KUSENIER,24.0,48960.0,48000.0,2.0
PETACA CRIADORES,12.0,25000.0,24500.0,2.0
"PETAKON (café, dulce, choco)",12.0,18500.0,18000.0,2.7
WISKY JACK DANIELS,1.0,36000.0,,2.0
WISKY BALLENTINE'S,1.0,24000.0,,2.0
W LITRO,1.0,6000.0,5800.0,3.3
KUSENIER LITRO,1.0,6650.0,6500.0,2.3
MARIPOSA,1.0,6120.0,6000.0,2.0
LEGUI,1.0,6650.0,6500.0,2.3
GINEBRA,1.0,7650.0,7500.0,2.0
GIN GORDON,1.0,12750.0,12500.0,2.0
LATA FERNET 1882,6.0,12240.0,12000.0,2.0
FERNET 1882,1.0,9200.0,8900.0,3.3
GANCIA,1.0,6550.0,6400.0,2.3
WHITE HORSE,1.0,14800.0,14500.0,2.0
BLACK LEBEL,1.0,,,2.0
CRIADORES LITRO,1.0,8200.0,8000.0,2.4
CINZANO,1.0,7950.0,7800.0,1.9
FERNET CAPRI,1.0,3570.0,3500.0,2.0
CAMPARI,1.0,10600.0,10400.0,1.9
Aperol,1.0,,,2.0
FERNANDO,6.0,5600.0,5500.0,1.8
DOBLE COLA,6.0,9100.0,8900.0,2.2
CERVEZA DESCARTABLE 361,6.0,10200.0,9900.0,2.9
PRITTY,6.0,12500.0,12900.0,-3.2
TANG,20.0,5750.0,5600.0,2.6
CLIGHT,20.0,6320.0,6200.0,1.9
RINDE 2,10.0,4900.0,4800.0,2.0
LATA MANAOS,6.0,5000.0,4700.0,6.0
LATA SMIRNOF,24.0,65280.0,64000.0,2.0
LATA PRONTO,6.0,,,2.0
LATA GANCIA,6.0,14280.0,14000.0,2.0
LATA FRIZZE,6.0,,,2.0
RED POINT,10.0,16850.0,16500.0,2.1
RED POINT box,10.0,17850.0,17500.0,2.0
RED POINT 10,10.0,10400.0,10200.0,1.9
RED POINT ON/ SIX,10.0,19380.0,19000.0,2.0
RED On x10,10.0,11220.0,11000.0,2.0
MASTER,10.0,14790.0,14500.0,2.0
PAPELILLOS OCB,1.0,870.0,850.0,2.3
DOLCHESTER,10.0,14790.0,14500.0,2.0
MELBOURNE,10.0,,,2.0
Kiel,10.0,14280.0,14000.0,2.0
ENCENDEDOR MAGIC,15.0,3800.0,3500.0,7.9
ENCENDEDOR CANDELA,25.0,7140.0,7000.0,2.0
CARBÓN CHICO,1.0,3060.0,3000.0,2.0
CARBÓN GDE SAMIRA,1.0,4500.0,4400.0,2.2
CARBÓN PAPEL,1.0,5100.0,5000.0,2.0
LEÑA,1.0,4900.0,4900.0,0.0
ENVASE,1.0,,2000.0,2.0
ROLLO esplendor,8.0,11200.0,10900.0,2.7
HIGIÉNICO SUELTO,30.0,4200.0,4000.0,4.8
HIGIÉNICO felpita,12.0,15800.0,15500.0,1.9
HIGIÉNICO COMBOY,10.0,14800.0,14500.0,2.0
ROLLO COCINA,,,,2.0
BOLSA PAPÁ NEGRA,15.0,22500.0,20000.0,11.1
BOLSA PAPÁ BCA,,,24000.0,2.0
BOLSA CEBOLLA,15.0,32600.0,,2.0
KRACHITOS PAPÁ FRITA,275.0,6800.0,6500.0,4.4
KRACHITOS CHIZITOS,330.0,4400.0,4200.0,4.5
KRACHITOS BASTONITOS,240.0,4400.0,4200.0,4.5
